problem_name,mechanistic_setting,dataset,sampling_strategy,par_row,array_nr,epochs_adam,epochs_bfgs,lr_adam,stepnorm_bfgs,Î»_reg,act_fct,hidden_layers,hidden_neurons,tolerance,MSE,nMSE,runtime,loss,negLL
three_species_lotka_volterra,lv_missing_dynamics,lotka_volterra_datapoints_80_noise_5,no_sampling,1,61,500,1000,0.1,0.01,100,tanh,1,8,1E-08,0.000518185195389,0.001030862252108,5.43751666666667,-687.606521639851,-749.358273994678
three_species_lotka_volterra,lv_missing_dynamics,lotka_volterra_datapoints_80_noise_5,no_sampling,1,49,500,1000,0.0001,1E-05,100,tanh,1,8,1E-08,0.000690672975388,0.00117191064379,5.70036666666667,-677.406253437014,-721.597255724923
three_species_lotka_volterra,lv_missing_dynamics,lotka_volterra_datapoints_80_noise_5,no_sampling,1,57,500,1000,0.01,0.001,100,tanh,1,8,1E-08,0.000513863889178,0.001044767933106,5.78991666666667,-686.850055728664,-749.327698141636
three_species_lotka_volterra,lv_missing_dynamics,lotka_volterra_datapoints_80_noise_5,no_sampling,1,53,500,1000,0.001,0.0001,100,tanh,1,8,1E-08,0.000773016218079,0.001318928953716,5.91081666666667,-673.504784289931,-713.586779303859
three_species_lotka_volterra,lv_missing_dynamics,lotka_volterra_datapoints_80_noise_5,no_sampling,1,52,500,1000,0.0001,1E-05,0.001,tanh,1,8,1E-08,0.000595641575114,0.001290920344441,6.01088333333333,-739.981229294981,-739.98262170533
three_species_lotka_volterra,lv_missing_dynamics,lotka_volterra_datapoints_80_noise_5,no_sampling,1,50,500,1000,0.0001,1E-05,1,tanh,1,8,1E-08,0.000542560623585,0.00108091945611,6.13573333333333,-741.131819286338,-742.342739371353
three_species_lotka_volterra,lv_missing_dynamics,lotka_volterra_datapoints_80_noise_5,no_sampling,1,51,500,1000,0.0001,1E-05,0.01,tanh,1,8,1E-08,0.000545133588217,0.001483864436996,6.27618333333333,-744.671769550007,-744.685996304702
three_species_lotka_volterra,lv_missing_dynamics,lotka_volterra_datapoints_80_noise_5,no_sampling,1,32,500,1000,0.1,0.01,0.001,tanh,2,4,1E-08,0.000522107455794,0.00113423096993,6.42835,-777.703663053527,-777.707731431049
three_species_lotka_volterra,lv_missing_dynamics,lotka_volterra_datapoints_80_noise_5,no_sampling,1,100,500,1000,0.0001,1E-05,0.001,rbf,1,4,1E-08,0.001420344078737,0.00452067127849,4.1643,-673.758793003527,-673.759719181428
three_species_lotka_volterra,lv_missing_dynamics,lotka_volterra_datapoints_80_noise_5,no_sampling,1,101,500,1000,0.001,0.0001,100,rbf,1,4,1E-08,0.002526451305303,0.0067525288485,4.17278333333333,-599.543941553933,-658.502241101817
three_species_lotka_volterra,lv_missing_dynamics,lotka_volterra_datapoints_80_noise_5,no_sampling,1,105,500,1000,0.01,0.001,100,rbf,1,4,1E-08,0.000609995445447,0.001546850163353,4.18275,-613.874764317588,-708.834520571093
three_species_lotka_volterra,lv_missing_dynamics,lotka_volterra_datapoints_80_noise_5,no_sampling,1,102,500,1000,0.001,0.0001,1,rbf,1,4,1E-08,0.000473888381713,0.000969247571605,4.2297,-750.324926368069,-752.231555291294
three_species_lotka_volterra,lv_missing_dynamics,lotka_volterra_datapoints_80_noise_5,no_sampling,1,98,500,1000,0.0001,1E-05,1,rbf,1,4,1E-08,0.00328125042588,0.011009414646874,4.26508333333333,-633.314337891256,-634.110624076634
three_species_lotka_volterra,lv_missing_dynamics,lotka_volterra_datapoints_80_noise_5,no_sampling,1,99,500,1000,0.0001,1E-05,0.01,rbf,1,4,1E-08,0.003111452336692,0.009365238905008,4.33516666666667,-645.199603979144,-645.209454055977
three_species_lotka_volterra,lv_missing_dynamics,lotka_volterra_datapoints_80_noise_5,no_sampling,1,58,500,1000,0.01,0.001,1,tanh,1,8,1E-08,0.000557833747034,0.001304311125067,6.66745,-770.292740007696,-772.289066215414
three_species_lotka_volterra,lv_missing_dynamics,lotka_volterra_datapoints_80_noise_5,no_sampling,1,104,500,1000,0.001,0.0001,0.001,rbf,1,4,1E-08,0.000498751670514,0.001184847727847,4.35738333333333,-765.32614585454,-765.328082596729
three_species_lotka_volterra,lv_missing_dynamics,lotka_volterra_datapoints_80_noise_5,no_sampling,1,103,500,1000,0.001,0.0001,0.01,rbf,1,4,1E-08,0.000442844386525,0.001056605084405,4.36013333333333,-769.292747460741,-769.319959767102
three_species_lotka_volterra,lv_missing_dynamics,lotka_volterra_datapoints_80_noise_5,no_sampling,1,45,500,1000,0.1,0.01,100,tanh,3,4,1E-08,0.000706662844078,0.001341108266874,6.71171666666667,-671.444052561664,-728.25096809378
three_species_lotka_volterra,lv_missing_dynamics,lotka_volterra_datapoints_80_noise_5,no_sampling,1,106,500,1000,0.01,0.001,1,rbf,1,4,1E-08,0.000493107016024,0.00122987790016,4.41696666666667,-756.478467578659,-760.398356422735
three_species_lotka_volterra,lv_missing_dynamics,lotka_volterra_datapoints_80_noise_5,no_sampling,1,59,500,1000,0.01,0.001,0.01,tanh,1,8,1E-08,0.000451313560551,0.000985547113588,6.81243333333333,-786.51432458134,-786.536093768023
three_species_lotka_volterra,lv_missing_dynamics,lotka_volterra_datapoints_80_noise_5,no_sampling,1,60,500,1000,0.01,0.001,0.001,tanh,1,8,1E-08,0.000500719382359,0.001241766329981,7.03901666666667,-768.722554328765,-768.725059694555
three_species_lotka_volterra,lv_missing_dynamics,lotka_volterra_datapoints_80_noise_5,no_sampling,1,5,500,1000,0.001,0.0001,100,tanh,1,4,1E-08,0.000942969255275,0.002144478156501,6.04756666666667,-637.823603605572,-700.157216817909
three_species_lotka_volterra,lv_missing_dynamics,lotka_volterra_datapoints_80_noise_5,no_sampling,1,33,500,1000,0.0001,1E-05,100,tanh,3,4,1E-08,0.005954421252213,0.011603694413142,7.16371666666667,-558.850020299874,-575.969680915038
three_species_lotka_volterra,lv_missing_dynamics,lotka_volterra_datapoints_80_noise_5,no_sampling,1,10,500,1000,0.01,0.001,1,tanh,1,4,1E-08,0.000614465958623,0.001641374946784,6.41796666666667,-742.885178214259,-745.573733631316
three_species_lotka_volterra,lv_missing_dynamics,lotka_volterra_datapoints_80_noise_5,no_sampling,1,1,500,1000,0.0001,1E-05,100,tanh,1,4,1E-08,0.000871542355891,0.00162855360032,6.5448,-644.306284622008,-706.397181814186
three_species_lotka_volterra,lv_missing_dynamics,lotka_volterra_datapoints_80_noise_5,no_sampling,1,108,500,1000,0.01,0.001,0.001,rbf,1,4,1E-08,0.000501625237614,0.001097879595062,4.19233333333333,-758.622159378971,-758.624167590822
three_species_lotka_volterra,lv_missing_dynamics,lotka_volterra_datapoints_80_noise_5,no_sampling,1,109,500,1000,0.1,0.01,100,rbf,1,4,1E-08,0.001731589120104,0.004521519199467,4.1836,-602.763249256712,-672.36577416315
three_species_lotka_volterra,lv_missing_dynamics,lotka_volterra_datapoints_80_noise_5,no_sampling,1,110,500,1000,0.1,0.01,1,rbf,1,4,1E-08,0.002002996982684,0.00410145047172,4.16906666666667,-662.362989661102,-670.429225094423
three_species_lotka_volterra,lv_missing_dynamics,lotka_volterra_datapoints_80_noise_5,no_sampling,1,11,500,1000,0.01,0.001,0.01,tanh,1,4,1E-08,0.000461741603884,0.001132373297642,6.60265,-771.865412563591,-771.899906187866
three_species_lotka_volterra,lv_missing_dynamics,lotka_volterra_datapoints_80_noise_5,no_sampling,1,2,500,1000,0.0001,1E-05,1,tanh,1,4,1E-08,0.000715562233011,0.001307108816092,6.67815,-719.480037178432,-720.793374146054
three_species_lotka_volterra,lv_missing_dynamics,lotka_volterra_datapoints_80_noise_5,no_sampling,1,35,500,1000,0.0001,1E-05,0.01,tanh,3,4,1E-08,0.001039601682702,0.002808678251153,7.62258333333333,-693.255889485679,-693.262198459836
three_species_lotka_volterra,lv_missing_dynamics,lotka_volterra_datapoints_80_noise_5,no_sampling,1,9,500,1000,0.01,0.001,100,tanh,1,4,1E-08,0.001010677646632,0.002126667759258,6.62456666666667,-635.406919954334,-694.389089661637
three_species_lotka_volterra,lv_missing_dynamics,lotka_volterra_datapoints_80_noise_5,no_sampling,1,112,500,1000,0.1,0.01,0.001,rbf,1,4,1E-08,0.003937298799959,0.009326712392764,4.462,-594.075729291426,-594.079129502311
three_species_lotka_volterra,lv_missing_dynamics,lotka_volterra_datapoints_80_noise_5,no_sampling,1,111,500,1000,0.1,0.01,0.01,rbf,1,4,1E-08,0.006308890573357,0.020148023559237,4.50991666666667,-578.549608417871,-578.680872209925
three_species_lotka_volterra,lv_missing_dynamics,lotka_volterra_datapoints_80_noise_5,no_sampling,1,12,500,1000,0.01,0.001,0.001,tanh,1,4,1E-08,0.00043108150791,0.000922391496377,6.66783333333333,-777.915702135,-777.919767024126
three_species_lotka_volterra,lv_missing_dynamics,lotka_volterra_datapoints_80_noise_5,no_sampling,1,16,500,1000,0.1,0.01,0.001,tanh,1,4,1E-08,0.000351029840098,0.000927284078877,6.60963333333333,-775.940604292538,-775.945073827911
three_species_lotka_volterra,lv_missing_dynamics,lotka_volterra_datapoints_80_noise_5,no_sampling,1,43,500,1000,0.01,0.001,0.01,tanh,3,4,1E-08,0.000474772987353,0.001066354941062,7.81445,-770.659143774751,-770.675380867743
three_species_lotka_volterra,lv_missing_dynamics,lotka_volterra_datapoints_80_noise_5,no_sampling,1,4,500,1000,0.0001,1E-05,0.001,tanh,1,4,1E-08,0.000765420270787,0.001431238472168,6.97203333333333,-717.66514440746,-717.666481999466
three_species_lotka_volterra,lv_missing_dynamics,lotka_volterra_datapoints_80_noise_5,no_sampling,1,47,500,1000,0.1,0.01,0.01,tanh,3,4,1E-08,0.000425521033747,0.000958830484563,7.98845,-796.219950831303,-796.244013606655
three_species_lotka_volterra,lv_missing_dynamics,lotka_volterra_datapoints_80_noise_5,no_sampling,1,8,500,1000,0.001,0.0001,0.001,tanh,1,4,1E-08,0.00060000426188,0.001442568044583,7.0595,-747.949940218542,-747.952480332459
three_species_lotka_volterra,lv_missing_dynamics,lotka_volterra_datapoints_80_noise_5,no_sampling,1,44,500,1000,0.01,0.001,0.001,tanh,3,4,1E-08,0.000462319787836,0.001016310139944,8.04685,-758.099193234122,-758.103975613653
three_species_lotka_volterra,lv_missing_dynamics,lotka_volterra_datapoints_80_noise_5,no_sampling,1,38,500,1000,0.001,0.0001,1,tanh,3,4,1E-08,0.0004856842293,0.001231992595608,8.14191666666667,-756.45940712956,-757.87665789912
three_species_lotka_volterra,lv_missing_dynamics,lotka_volterra_datapoints_80_noise_5,no_sampling,1,6,500,1000,0.001,0.0001,1,tanh,1,4,1E-08,0.000592738214862,0.001491514212208,7.2654,-750.305594270494,-752.616079536559
three_species_lotka_volterra,lv_missing_dynamics,lotka_volterra_datapoints_80_noise_5,no_sampling,1,46,500,1000,0.1,0.01,1,tanh,3,4,1E-08,0.000435051413621,0.000955513827879,8.6418,-784.799605833685,-786.729810467866
three_species_lotka_volterra,lv_missing_dynamics,lotka_volterra_datapoints_80_noise_5,no_sampling,1,15,500,1000,0.1,0.01,0.01,tanh,1,4,1E-08,0.000541206396069,0.001357177049988,7.49608333333333,-753.834073370545,-753.864560881469
three_species_lotka_volterra,lv_missing_dynamics,lotka_volterra_datapoints_80_noise_5,no_sampling,1,7,500,1000,0.001,0.0001,0.01,tanh,1,4,1E-08,0.108988629711522,0.25554006422571,7.88806666666667,-180.872717478917,-180.909688847246
three_species_lotka_volterra,lv_missing_dynamics,lotka_volterra_datapoints_80_noise_5,no_sampling,1,113,500,1000,0.0001,1E-05,100,rbf,2,4,1E-08,0.006211437595375,0.013409385440015,5.57948333333333,-554.833979770927,-571.792718315231
three_species_lotka_volterra,lv_missing_dynamics,lotka_volterra_datapoints_80_noise_5,no_sampling,1,125,500,1000,0.1,0.01,100,rbf,2,4,1E-08,0.000614967322612,0.00117178068311,5.35823333333333,-648.200467633572,-716.601480479448
three_species_lotka_volterra,lv_missing_dynamics,lotka_volterra_datapoints_80_noise_5,no_sampling,1,127,500,1000,0.1,0.01,0.01,rbf,2,4,1E-08,0.000447818988955,0.001016248081733,5.4869,-785.52701108546,-785.553782529155
three_species_lotka_volterra,lv_missing_dynamics,lotka_volterra_datapoints_80_noise_5,no_sampling,1,114,500,1000,0.0001,1E-05,1,rbf,2,4,1E-08,0.002100098342647,0.008335399195909,5.95255,-636.296064105409,-637.603258017163
three_species_lotka_volterra,lv_missing_dynamics,lotka_volterra_datapoints_80_noise_5,no_sampling,1,128,500,1000,0.1,0.01,0.001,rbf,2,4,1E-08,0.000417254041244,0.000992732408227,5.7923,-774.251123988464,-774.253333820456
three_species_lotka_volterra,lv_missing_dynamics,lotka_volterra_datapoints_80_noise_5,no_sampling,1,117,500,1000,0.001,0.0001,100,rbf,2,4,1E-08,0.008891672522759,0.022087562365056,5.89706666666667,-531.052419145749,-545.72102244098
three_species_lotka_volterra,lv_missing_dynamics,lotka_volterra_datapoints_80_noise_5,no_sampling,1,123,500,1000,0.01,0.001,0.01,rbf,2,4,1E-08,0.000333870871728,0.000923402353236,5.92176666666667,-775.895993112564,-775.927047996383
three_species_lotka_volterra,lv_missing_dynamics,lotka_volterra_datapoints_80_noise_5,no_sampling,1,17,500,1000,0.0001,1E-05,100,tanh,2,4,1E-08,0.002863993168496,0.006894672005403,8.46866666666667,-593.625956751852,-623.542347210618
three_species_lotka_volterra,lv_missing_dynamics,lotka_volterra_datapoints_80_noise_5,no_sampling,1,18,500,1000,0.0001,1E-05,1,tanh,2,4,1E-08,0.00061287615159,0.001326310689764,8.50458333333333,-732.89335665062,-734.121070487307
three_species_lotka_volterra,lv_missing_dynamics,lotka_volterra_datapoints_80_noise_5,no_sampling,1,122,500,1000,0.01,0.001,1,rbf,2,4,1E-08,0.000302578001063,0.000722820881922,6.07993333333333,-790.985797854643,-793.0204890601
three_species_lotka_volterra,lv_missing_dynamics,lotka_volterra_datapoints_80_noise_5,no_sampling,1,126,500,1000,0.1,0.01,1,rbf,2,4,1E-08,0.000366888268354,0.00080285705013,6.09035,-780.887313654793,-783.317373896417
three_species_lotka_volterra,lv_missing_dynamics,lotka_volterra_datapoints_80_noise_5,no_sampling,1,21,500,1000,0.001,0.0001,100,tanh,2,4,1E-08,0.00084220281761,0.001802656072676,8.602,-641.906670674125,-702.127582680521
three_species_lotka_volterra,lv_missing_dynamics,lotka_volterra_datapoints_80_noise_5,no_sampling,1,124,500,1000,0.01,0.001,0.001,rbf,2,4,1E-08,0.000403647577957,0.00086875452049,6.24196666666667,-787.743698551968,-787.745587914039
three_species_lotka_volterra,lv_missing_dynamics,lotka_volterra_datapoints_80_noise_5,no_sampling,1,30,500,1000,0.1,0.01,1,tanh,2,4,1E-08,0.000302878706715,0.000727739757343,8.7199,-780.753183862492,-783.884135592219
three_species_lotka_volterra,lv_missing_dynamics,lotka_volterra_datapoints_80_noise_5,no_sampling,1,25,500,1000,0.01,0.001,100,tanh,2,4,1E-08,0.000514611882398,0.000966973491907,8.78776666666667,-686.007248635985,-751.418069911073
three_species_lotka_volterra,lv_missing_dynamics,lotka_volterra_datapoints_80_noise_5,no_sampling,1,28,500,1000,0.01,0.001,0.001,tanh,2,4,1E-08,0.00042008513444,0.000878890762721,8.88168333333333,-769.983396615711,-769.985978520626
three_species_lotka_volterra,lv_missing_dynamics,lotka_volterra_datapoints_80_noise_5,no_sampling,1,116,500,1000,0.0001,1E-05,0.001,rbf,2,4,1E-08,0.001071136081037,0.002784210450891,6.57123333333333,-698.550968184846,-698.55231515166
three_species_lotka_volterra,lv_missing_dynamics,lotka_volterra_datapoints_80_noise_5,no_sampling,1,26,500,1000,0.01,0.001,1,tanh,2,4,1E-08,0.000415078536071,0.001045490693095,9.26956666666667,-768.533769062847,-772.133125671185
three_species_lotka_volterra,lv_missing_dynamics,lotka_volterra_datapoints_80_noise_5,no_sampling,1,20,500,1000,0.0001,1E-05,0.001,tanh,2,4,1E-08,0.000626270623882,0.001218106646465,9.96836666666667,-732.461474002251,-732.462521031926
three_species_lotka_volterra,lv_missing_dynamics,lotka_volterra_datapoints_80_noise_5,no_sampling,1,19,500,1000,0.0001,1E-05,0.01,tanh,2,4,1E-08,0.000695323650517,0.001987797574894,9.96503333333333,-729.633418875758,-729.644922552889
three_species_lotka_volterra,lv_missing_dynamics,lotka_volterra_datapoints_80_noise_5,no_sampling,1,129,500,1000,0.0001,1E-05,100,rbf,3,4,1E-08,0.021363107914973,0.069286109744734,7.6439,-360.922435492578,-367.668498058687
three_species_lotka_volterra,lv_missing_dynamics,lotka_volterra_datapoints_80_noise_5,no_sampling,1,107,500,1000,0.01,0.001,0.01,rbf,1,4,1E-08,0.000655426908265,0.001827122426813,7.07226666666667,-737.878354142011,-737.917347074744
three_species_lotka_volterra,lv_missing_dynamics,lotka_volterra_datapoints_80_noise_5,no_sampling,1,132,500,1000,0.0001,1E-05,0.001,rbf,3,4,1E-08,0.004890807039268,0.015824063875019,7.4665,-594.411142328154,-594.411766791039
three_species_lotka_volterra,lv_missing_dynamics,lotka_volterra_datapoints_80_noise_5,no_sampling,1,31,500,1000,0.1,0.01,0.01,tanh,2,4,1E-08,0.000367699848271,0.000910104275748,10.5919166666667,-777.718893833987,-777.755960476499
three_species_lotka_volterra,lv_missing_dynamics,lotka_volterra_datapoints_80_noise_5,no_sampling,1,134,500,1000,0.001,0.0001,1,rbf,3,4,1E-08,0.003723993691256,0.014436382962189,7.58791666666667,-645.369634455581,-646.298573058257
three_species_lotka_volterra,lv_missing_dynamics,lotka_volterra_datapoints_80_noise_5,no_sampling,1,135,500,1000,0.001,0.0001,0.01,rbf,3,4,1E-08,0.000483573261042,0.001227181407047,8.02811666666667,-759.01704590963,-759.031057863253
three_species_lotka_volterra,lv_missing_dynamics,lotka_volterra_datapoints_80_noise_5,no_sampling,1,133,500,1000,0.001,0.0001,100,rbf,3,4,1E-08,0.023686177436337,0.076827682323434,8.57041666666667,-368.465384290108,-375.413304398389
three_species_lotka_volterra,lv_missing_dynamics,lotka_volterra_datapoints_80_noise_5,no_sampling,1,138,500,1000,0.01,0.001,1,rbf,3,4,1E-08,0.001510134661893,0.004166559358365,7.82198333333333,-693.911756844377,-695.357462707142
three_species_lotka_volterra,lv_missing_dynamics,lotka_volterra_datapoints_80_noise_5,no_sampling,1,137,500,1000,0.01,0.001,100,rbf,3,4,1E-08,0.023993353895782,0.077726224383072,8.46315,-367.215069234462,-374.570201373025
three_species_lotka_volterra,lv_missing_dynamics,lotka_volterra_datapoints_80_noise_5,no_sampling,1,145,500,1000,0.0001,1E-05,100,rbf,1,8,1E-08,0.004637378670356,0.012615483157601,5.58616666666667,-578.292978451282,-599.166004323828
three_species_lotka_volterra,lv_missing_dynamics,lotka_volterra_datapoints_80_noise_5,no_sampling,1,150,500,1000,0.001,0.0001,1,rbf,1,8,1E-08,0.000322507875932,0.000913880994419,5.47993333333333,-780.668626243477,-781.676264032918
three_species_lotka_volterra,lv_missing_dynamics,lotka_volterra_datapoints_80_noise_5,no_sampling,1,153,500,1000,0.01,0.001,100,rbf,1,8,1E-08,0.000337569310376,0.00090690540048,5.38741666666667,-694.637699717692,-758.865502215375
three_species_lotka_volterra,lv_missing_dynamics,lotka_volterra_datapoints_80_noise_5,no_sampling,1,158,500,1000,0.1,0.01,1,rbf,1,8,1E-08,0.000223134215655,0.0005066518599,5.36263333333333,-780.484149146754,-783.253732737499
three_species_lotka_volterra,lv_missing_dynamics,lotka_volterra_datapoints_80_noise_5,no_sampling,1,151,500,1000,0.001,0.0001,0.01,rbf,1,8,1E-08,0.000349231683475,0.001095803584616,5.85651666666667,-784.384926482335,-784.397588697222
three_species_lotka_volterra,lv_missing_dynamics,lotka_volterra_datapoints_80_noise_5,no_sampling,1,154,500,1000,0.01,0.001,1,rbf,1,8,1E-08,0.000371669241523,0.001072294411507,5.83801666666667,-773.012209951794,-774.342507598686
three_species_lotka_volterra,lv_missing_dynamics,lotka_volterra_datapoints_80_noise_5,no_sampling,1,155,500,1000,0.01,0.001,0.01,rbf,1,8,1E-08,0.000418888048507,0.001059659180994,5.79315,-780.103396988416,-780.120675316831
three_species_lotka_volterra,lv_missing_dynamics,lotka_volterra_datapoints_80_noise_5,no_sampling,1,159,500,1000,0.1,0.01,0.01,rbf,1,8,1E-08,0.000421953976289,0.000915147513072,5.65401666666667,-783.368058891079,-783.414057509057
three_species_lotka_volterra,lv_missing_dynamics,lotka_volterra_datapoints_80_noise_5,no_sampling,1,193,500,1000,0.0001,1E-05,100,gelu,1,4,1E-08,0.002690472743167,0.006587610563757,4.49583333333333,-606.354303140538,-651.81388363507
three_species_lotka_volterra,lv_missing_dynamics,lotka_volterra_datapoints_80_noise_5,no_sampling,1,156,500,1000,0.01,0.001,0.001,rbf,1,8,1E-08,0.000551578603748,0.001205009128115,6.2852,-747.62225518393,-747.623324670469
three_species_lotka_volterra,lv_missing_dynamics,lotka_volterra_datapoints_80_noise_5,no_sampling,1,196,500,1000,0.0001,1E-05,0.001,gelu,1,4,1E-08,0.000800381539007,0.001728461717375,4.7274,-700.531038769321,-700.53325671244
three_species_lotka_volterra,lv_missing_dynamics,lotka_volterra_datapoints_80_noise_5,no_sampling,1,201,500,1000,0.01,0.001,100,gelu,1,4,1E-08,0.002040103743013,0.004715001599758,4.4811,-616.221999623594,-666.288723114523
three_species_lotka_volterra,lv_missing_dynamics,lotka_volterra_datapoints_80_noise_5,no_sampling,1,205,500,1000,0.1,0.01,100,gelu,1,4,1E-08,0.002248456650016,0.005228434694617,4.22775,-616.000142601093,-662.705362105603
three_species_lotka_volterra,lv_missing_dynamics,lotka_volterra_datapoints_80_noise_5,no_sampling,1,203,500,1000,0.01,0.001,0.01,gelu,1,4,1E-08,0.000554342509269,0.001255786186809,4.37745,-732.856543739185,-732.877890560496
three_species_lotka_volterra,lv_missing_dynamics,lotka_volterra_datapoints_80_noise_5,no_sampling,1,202,500,1000,0.01,0.001,1,gelu,1,4,1E-08,0.000537349323406,0.001158584233217,4.54665,-737.988464205483,-740.644279538019
three_species_lotka_volterra,lv_missing_dynamics,lotka_volterra_datapoints_80_noise_5,no_sampling,1,204,500,1000,0.01,0.001,0.001,gelu,1,4,1E-08,0.000529054272245,0.001261945651724,4.4678,-737.564546413712,-737.567129719295
three_species_lotka_volterra,lv_missing_dynamics,lotka_volterra_datapoints_80_noise_5,no_sampling,1,139,500,1000,0.01,0.001,0.01,rbf,3,4,1E-08,0.000518650379146,0.000902789470154,9.71115,-745.908323036762,-745.928570535101
three_species_lotka_volterra,lv_missing_dynamics,lotka_volterra_datapoints_80_noise_5,no_sampling,1,141,500,1000,0.1,0.01,100,rbf,3,4,1E-08,0.003867863138361,0.009314282554377,9.774,-552.404321380706,-608.134759520287
three_species_lotka_volterra,lv_missing_dynamics,lotka_volterra_datapoints_80_noise_5,no_sampling,1,206,500,1000,0.1,0.01,1,gelu,1,4,1E-08,0.000965679488964,0.001987735883446,5.27803333333333,-701.188954539408,-712.12618452387
three_species_lotka_volterra,lv_missing_dynamics,lotka_volterra_datapoints_80_noise_5,no_sampling,1,142,500,1000,0.1,0.01,1,rbf,3,4,1E-08,0.000191648876272,0.000466284420403,9.74205,-782.372975341268,-785.613400985026
three_species_lotka_volterra,lv_missing_dynamics,lotka_volterra_datapoints_80_noise_5,no_sampling,1,144,500,1000,0.1,0.01,0.001,rbf,3,4,1E-08,0.022536167418418,0.072316424082445,9.60051666666667,-372.527011746138,-372.529142675609
three_species_lotka_volterra,lv_missing_dynamics,lotka_volterra_datapoints_80_noise_5,no_sampling,1,210,500,1000,0.0001,1E-05,1,gelu,2,4,1E-08,0.004917613051675,0.017808517874354,5.77231666666667,-616.087970104238,-616.841308404718
three_species_lotka_volterra,lv_missing_dynamics,lotka_volterra_datapoints_80_noise_5,no_sampling,1,194,500,1000,0.0001,1E-05,1,gelu,1,4,1E-08,0.001057370857704,0.002676082099297,6.4055,-686.031663844945,-687.869228347253
three_species_lotka_volterra,lv_missing_dynamics,lotka_volterra_datapoints_80_noise_5,no_sampling,1,208,500,1000,0.1,0.01,0.001,gelu,1,4,1E-08,0.000641157657386,0.001349817842023,5.94406666666667,-729.5784993535,-729.626007787986
three_species_lotka_volterra,lv_missing_dynamics,lotka_volterra_datapoints_80_noise_5,no_sampling,1,207,500,1000,0.1,0.01,0.01,gelu,1,4,1E-08,0.000646589451995,0.001345688351624,6.58451666666667,-728.67098703608,-729.292958252154
three_species_lotka_volterra,lv_missing_dynamics,lotka_volterra_datapoints_80_noise_5,no_sampling,1,200,500,1000,0.001,0.0001,0.001,gelu,1,4,1E-08,0.001193091115636,0.002458100944249,6.36353333333333,-699.88997243812,-699.892495619342
three_species_lotka_volterra,lv_missing_dynamics,lotka_volterra_datapoints_80_noise_5,no_sampling,1,197,500,1000,0.001,0.0001,100,gelu,1,4,1E-08,0.002750107461709,0.006839250924135,6.60243333333333,-608.364205773221,-654.701711270265
three_species_lotka_volterra,lv_missing_dynamics,lotka_volterra_datapoints_80_noise_5,no_sampling,1,212,500,1000,0.0001,1E-05,0.001,gelu,2,4,1E-08,0.002305929346136,0.005828809508518,6.70021666666667,-655.225885095517,-655.226842161223
three_species_lotka_volterra,lv_missing_dynamics,lotka_volterra_datapoints_80_noise_5,no_sampling,1,217,500,1000,0.01,0.001,100,gelu,2,4,1E-08,0.005443527030679,0.012663356898783,6.63055,-556.849320753391,-597.046039404327
three_species_lotka_volterra,lv_missing_dynamics,lotka_volterra_datapoints_80_noise_5,no_sampling,1,241,500,1000,0.0001,1E-05,100,gelu,1,8,1E-08,0.001866484151748,0.004581086891383,5.87066666666667,-632.051545779033,-661.250141336508
three_species_lotka_volterra,lv_missing_dynamics,lotka_volterra_datapoints_80_noise_5,no_sampling,1,244,500,1000,0.0001,1E-05,0.001,gelu,1,8,1E-08,0.001141751725701,0.001964114286607,5.95643333333333,-686.530237990075,-686.531271412867
three_species_lotka_volterra,lv_missing_dynamics,lotka_volterra_datapoints_80_noise_5,no_sampling,1,211,500,1000,0.0001,1E-05,0.01,gelu,2,4,1E-08,0.005924574910859,0.015093097350806,6.96396666666667,-580.004273102986,-580.011717852909
three_species_lotka_volterra,lv_missing_dynamics,lotka_volterra_datapoints_80_noise_5,no_sampling,1,215,500,1000,0.001,0.0001,0.01,gelu,2,4,1E-08,0.001127800442485,0.002713480675671,6.951,-704.031176303977,-704.045595699956
three_species_lotka_volterra,lv_missing_dynamics,lotka_volterra_datapoints_80_noise_5,no_sampling,1,243,500,1000,0.0001,1E-05,0.01,gelu,1,8,1E-08,0.001252829033247,0.002171106766916,6.13591666666667,-691.479425609036,-691.492513577353
three_species_lotka_volterra,lv_missing_dynamics,lotka_volterra_datapoints_80_noise_5,no_sampling,1,222,500,1000,0.1,0.01,1,gelu,2,4,1E-08,0.000354238581713,0.001021209734134,6.92863333333333,-767.977622748415,-771.965481216779
three_species_lotka_volterra,lv_missing_dynamics,lotka_volterra_datapoints_80_noise_5,no_sampling,1,199,500,1000,0.001,0.0001,0.01,gelu,1,4,1E-08,0.000935605410496,0.001915016585549,6.859,-713.148432087701,-713.193699385687
three_species_lotka_volterra,lv_missing_dynamics,lotka_volterra_datapoints_80_noise_5,no_sampling,1,218,500,1000,0.01,0.001,1,gelu,2,4,1E-08,0.000527008722999,0.001313682455209,7.13096666666667,-745.312614923886,-747.116761709218
three_species_lotka_volterra,lv_missing_dynamics,lotka_volterra_datapoints_80_noise_5,no_sampling,1,216,500,1000,0.001,0.0001,0.001,gelu,2,4,1E-08,0.000828047198221,0.001751835360923,7.26333333333333,-715.096676485922,-715.098375898297
three_species_lotka_volterra,lv_missing_dynamics,lotka_volterra_datapoints_80_noise_5,no_sampling,1,229,500,1000,0.001,0.0001,100,gelu,3,4,1E-08,0.021197990355711,0.050852925180158,7.13995,-361.927095717204,-368.616698525703
three_species_lotka_volterra,lv_missing_dynamics,lotka_volterra_datapoints_80_noise_5,no_sampling,1,225,500,1000,0.0001,1E-05,100,gelu,3,4,1E-08,0.006344752768636,0.014712824517691,7.30663333333333,-549.769201533292,-566.39964264599
three_species_lotka_volterra,lv_missing_dynamics,lotka_volterra_datapoints_80_noise_5,no_sampling,1,220,500,1000,0.01,0.001,0.001,gelu,2,4,1E-08,0.000412927517667,0.001163011753915,7.49868333333333,-770.146805677292,-770.148313897417
three_species_lotka_volterra,lv_missing_dynamics,lotka_volterra_datapoints_80_noise_5,no_sampling,1,233,500,1000,0.01,0.001,100,gelu,3,4,1E-08,0.007130835315243,0.012747689505402,7.49681666666667,-536.580771815089,-561.947464784803
three_species_lotka_volterra,lv_missing_dynamics,lotka_volterra_datapoints_80_noise_5,no_sampling,1,240,500,1000,0.1,0.01,0.001,gelu,3,4,1E-08,0.000395055335098,0.000895569340157,7.28388333333333,-789.01462388453,-789.021117247364
three_species_lotka_volterra,lv_missing_dynamics,lotka_volterra_datapoints_80_noise_5,no_sampling,1,230,500,1000,0.001,0.0001,1,gelu,3,4,1E-08,0.004161014903053,0.013921196290052,7.71161666666667,-592.162543201483,-593.232429377602
three_species_lotka_volterra,lv_missing_dynamics,lotka_volterra_datapoints_80_noise_5,no_sampling,1,237,500,1000,0.1,0.01,100,gelu,3,4,1E-08,0.000391713900272,0.000949217782623,7.56046666666667,-700.612263090493,-756.222880532894
three_species_lotka_volterra,lv_missing_dynamics,lotka_volterra_datapoints_80_noise_5,no_sampling,1,227,500,1000,0.0001,1E-05,0.01,gelu,3,4,1E-08,0.001985424841974,0.005810881910417,7.88426666666667,-657.782664975839,-657.789161409375
three_species_lotka_volterra,lv_missing_dynamics,lotka_volterra_datapoints_80_noise_5,no_sampling,1,239,500,1000,0.1,0.01,0.01,gelu,3,4,1E-08,0.000378391204343,0.000892555798984,7.48745,-777.863198611692,-777.913275827956
three_species_lotka_volterra,lv_missing_dynamics,lotka_volterra_datapoints_80_noise_5,no_sampling,1,231,500,1000,0.001,0.0001,0.01,gelu,3,4,1E-08,0.001032277835453,0.003597550121679,7.89791666666667,-696.623367602304,-696.636203524527
three_species_lotka_volterra,lv_missing_dynamics,lotka_volterra_datapoints_80_noise_5,no_sampling,1,236,500,1000,0.01,0.001,0.001,gelu,3,4,1E-08,0.000425636644083,0.000976454082262,7.9723,-797.897774836948,-797.900739502543
three_species_lotka_volterra,lv_missing_dynamics,lotka_volterra_datapoints_80_noise_5,no_sampling,1,234,500,1000,0.01,0.001,1,gelu,3,4,1E-08,0.000444242241172,0.000939980986182,8.15235,-785.735548120722,-787.864758591745
three_species_lotka_volterra,lv_missing_dynamics,lotka_volterra_datapoints_80_noise_5,no_sampling,1,255,500,1000,0.1,0.01,0.01,gelu,1,8,1E-08,0.000501482763692,0.001393218273557,7.04991666666667,-772.148946163314,-772.189959713473
three_species_lotka_volterra,lv_missing_dynamics,lotka_volterra_datapoints_80_noise_5,no_sampling,1,223,500,1000,0.1,0.01,0.01,gelu,2,4,1E-08,0.000487259925717,0.001330671999623,9.26491666666667,-751.780279083016,-751.960993230884
three_species_lotka_volterra,lv_missing_dynamics,lotka_volterra_datapoints_80_noise_5,no_sampling,1,143,500,1000,0.1,0.01,0.01,rbf,3,4,1E-08,0.023199702262264,0.078032984425635,13.3996833333333,-372.696258530095,-372.710459922347
three_species_lotka_volterra,lv_missing_dynamics,lotka_volterra_datapoints_80_noise_5,no_sampling,1,213,500,1000,0.001,0.0001,100,gelu,2,4,1E-08,0.005903009619691,0.013493487529148,8.67836666666667,-536.394850576068,-573.789643116908
three_species_lotka_volterra,lv_missing_dynamics,lotka_volterra_datapoints_80_noise_5,no_sampling,1,238,500,1000,0.1,0.01,1,gelu,3,4,1E-08,0.000335951593816,0.000714040674911,9.01046666666667,-786.474830477102,-789.545477268795
three_species_lotka_volterra,lv_missing_dynamics,lotka_volterra_datapoints_80_noise_5,no_sampling,1,214,500,1000,0.001,0.0001,1,gelu,2,4,1E-08,0.002061674770583,0.006259426043393,8.8863,-637.26648149401,-638.511700003886
three_species_lotka_volterra,lv_missing_dynamics,lotka_volterra_datapoints_80_noise_5,no_sampling,1,219,500,1000,0.01,0.001,0.01,gelu,2,4,1E-08,0.000448707769519,0.001280285787921,8.87498333333333,-765.346439505291,-765.361498542521
three_species_lotka_volterra,lv_missing_dynamics,lotka_volterra_datapoints_80_noise_5,no_sampling,1,249,500,1000,0.01,0.001,100,gelu,1,8,1E-08,0.001712709771912,0.003629626589426,8.32708333333333,-630.964915223856,-677.024694757953
three_species_lotka_volterra,lv_missing_dynamics,lotka_volterra_datapoints_80_noise_5,no_sampling,1,242,500,1000,0.0001,1E-05,1,gelu,1,8,1E-08,0.001266966384222,0.002321202823885,8.7569,-681.631774013879,-682.748799805166
three_species_lotka_volterra,lv_missing_dynamics,lotka_volterra_datapoints_80_noise_5,no_sampling,1,245,500,1000,0.001,0.0001,100,gelu,1,8,1E-08,0.001380128303626,0.003060035044207,8.9255,-643.974488392214,-683.30367196383
three_species_lotka_volterra,lv_missing_dynamics,lotka_volterra_datapoints_80_noise_5,no_sampling,1,289,500,1000,0.0001,1E-05,100,tanh,1,4,1E-12,0.00096085475374,0.00181807570255,5.93305,-642.62842189991,-699.884468223832
three_species_lotka_volterra,lv_missing_dynamics,lotka_volterra_datapoints_80_noise_5,no_sampling,1,293,500,1000,0.001,0.0001,100,tanh,1,4,1E-12,0.001084344692554,0.002241968334481,5.65016666666667,-628.007677463663,-684.143324892516
three_species_lotka_volterra,lv_missing_dynamics,lotka_volterra_datapoints_80_noise_5,no_sampling,1,291,500,1000,0.0001,1E-05,0.01,tanh,1,4,1E-12,0.000705237598193,0.001521463510199,6.10066666666667,-734.604125544679,-734.620163948111
three_species_lotka_volterra,lv_missing_dynamics,lotka_volterra_datapoints_80_noise_5,no_sampling,1,290,500,1000,0.0001,1E-05,1,tanh,1,4,1E-12,0.00063326999797,0.001429369569357,6.42536666666667,-734.694301131587,-736.453395021863
three_species_lotka_volterra,lv_missing_dynamics,lotka_volterra_datapoints_80_noise_5,no_sampling,1,254,500,1000,0.1,0.01,1,gelu,1,8,1E-08,0.000282516009424,0.000834986906213,9.46433333333333,-779.326900041865,-781.397448212041
three_species_lotka_volterra,lv_missing_dynamics,lotka_volterra_datapoints_80_noise_5,no_sampling,1,250,500,1000,0.01,0.001,1,gelu,1,8,1E-08,0.000516683035582,0.001276414283558,10.1918666666667,-764.060012804129,-765.944337160684
three_species_lotka_volterra,lv_missing_dynamics,lotka_volterra_datapoints_80_noise_5,no_sampling,1,252,500,1000,0.01,0.001,0.001,gelu,1,8,1E-08,0.000552959622907,0.001420297746263,10.1240333333333,-751.790451803009,-751.792436861964
three_species_lotka_volterra,lv_missing_dynamics,lotka_volterra_datapoints_80_noise_5,no_sampling,1,301,500,1000,0.1,0.01,100,tanh,1,4,1E-12,0.000855495663269,0.001499438403116,6.57625,-645.821331465995,-708.124815808331
three_species_lotka_volterra,lv_missing_dynamics,lotka_volterra_datapoints_80_noise_5,no_sampling,1,296,500,1000,0.001,0.0001,0.001,tanh,1,4,1E-12,0.000557642441686,0.001774522371944,6.93833333333333,-744.348549754466,-744.350473092438
three_species_lotka_volterra,lv_missing_dynamics,lotka_volterra_datapoints_80_noise_5,no_sampling,1,298,500,1000,0.01,0.001,1,tanh,1,4,1E-12,0.000462779000573,0.001240801593266,6.8218,-767.527471323006,-770.196363590925
three_species_lotka_volterra,lv_missing_dynamics,lotka_volterra_datapoints_80_noise_5,no_sampling,1,226,500,1000,0.0001,1E-05,1,gelu,3,4,1E-08,0.004185255983983,0.012765822208399,11.5201166666667,-591.509671376249,-592.15223225209
three_species_lotka_volterra,lv_missing_dynamics,lotka_volterra_datapoints_80_noise_5,no_sampling,1,232,500,1000,0.001,0.0001,0.001,gelu,3,4,1E-08,0.001014840097261,0.003883303996959,11.3869833333333,-699.784174655804,-699.785102220267
three_species_lotka_volterra,lv_missing_dynamics,lotka_volterra_datapoints_80_noise_5,no_sampling,1,303,500,1000,0.1,0.01,0.01,tanh,1,4,1E-12,0.000499192187006,0.001241285265488,6.71545,-757.963177684243,-758.021451841464
three_species_lotka_volterra,lv_missing_dynamics,lotka_volterra_datapoints_80_noise_5,no_sampling,1,299,500,1000,0.01,0.001,0.01,tanh,1,4,1E-12,0.000559252622693,0.00137605230935,7.12318333333333,-762.179725438291,-762.228471213743
three_species_lotka_volterra,lv_missing_dynamics,lotka_volterra_datapoints_80_noise_5,no_sampling,1,251,500,1000,0.01,0.001,0.01,gelu,1,8,1E-08,0.000416249681704,0.001229446729878,10.8360833333333,-783.813531537236,-783.839705195501
three_species_lotka_volterra,lv_missing_dynamics,lotka_volterra_datapoints_80_noise_5,no_sampling,1,300,500,1000,0.01,0.001,0.001,tanh,1,4,1E-12,0.000457302467805,0.001109563000135,7.26383333333333,-772.237110129759,-772.240712116402
three_species_lotka_volterra,lv_missing_dynamics,lotka_volterra_datapoints_80_noise_5,no_sampling,1,224,500,1000,0.1,0.01,0.001,gelu,2,4,1E-08,0.00067736092931,0.00163136638816,13.3346833333333,-736.922756988847,-736.93710542095
three_species_lotka_volterra,lv_missing_dynamics,lotka_volterra_datapoints_80_noise_5,no_sampling,1,305,500,1000,0.0001,1E-05,100,tanh,2,4,1E-12,0.002196655227912,0.004204682403406,8.32461666666667,-617.658216677581,-652.311167980642
three_species_lotka_volterra,lv_missing_dynamics,lotka_volterra_datapoints_80_noise_5,no_sampling,1,292,500,1000,0.0001,1E-05,0.001,tanh,1,4,1E-12,0.000696610772165,0.001586831136644,8.49343333333333,-733.574775465028,-733.576595414938
three_species_lotka_volterra,lv_missing_dynamics,lotka_volterra_datapoints_80_noise_5,no_sampling,1,297,500,1000,0.01,0.001,100,tanh,1,4,1E-12,0.000789068033573,0.00168653142281,8.3881,-641.646353960561,-707.327380170394
three_species_lotka_volterra,lv_missing_dynamics,lotka_volterra_datapoints_80_noise_5,no_sampling,1,306,500,1000,0.0001,1E-05,1,tanh,2,4,1E-12,0.0005949130599,0.001198660552232,9.1251,-730.236044887825,-731.247510825495
three_species_lotka_volterra,lv_missing_dynamics,lotka_volterra_datapoints_80_noise_5,no_sampling,1,307,500,1000,0.0001,1E-05,0.01,tanh,2,4,1E-12,0.000688390326589,0.001484979483538,9.04136666666667,-722.45913514801,-722.468700031629
three_species_lotka_volterra,lv_missing_dynamics,lotka_volterra_datapoints_80_noise_5,no_sampling,1,317,500,1000,0.1,0.01,100,tanh,2,4,1E-12,0.000464361189733,0.001175053612422,8.30121666666667,-673.593899938592,-748.486365432028
three_species_lotka_volterra,lv_missing_dynamics,lotka_volterra_datapoints_80_noise_5,no_sampling,1,313,500,1000,0.01,0.001,100,tanh,2,4,1E-12,0.000498305409754,0.000958745825367,8.68623333333333,-679.615811196486,-743.871422934023
three_species_lotka_volterra,lv_missing_dynamics,lotka_volterra_datapoints_80_noise_5,no_sampling,1,308,500,1000,0.0001,1E-05,0.001,tanh,2,4,1E-12,0.000701904813312,0.001697849035522,9.3368,-729.494183934898,-729.495279334808
three_species_lotka_volterra,lv_missing_dynamics,lotka_volterra_datapoints_80_noise_5,no_sampling,1,294,500,1000,0.001,0.0001,1,tanh,1,4,1E-12,0.000661137437538,0.001800064845666,9.35685,-742.136119389139,-744.427153746693
three_species_lotka_volterra,lv_missing_dynamics,lotka_volterra_datapoints_80_noise_5,no_sampling,1,256,500,1000,0.1,0.01,0.001,gelu,1,8,1E-08,0.000604381934239,0.001216407619884,13.5135833333333,-743.660593146135,-743.670418165184
three_species_lotka_volterra,lv_missing_dynamics,lotka_volterra_datapoints_80_noise_5,no_sampling,1,295,500,1000,0.001,0.0001,0.01,tanh,1,4,1E-12,0.000565427347402,0.001398277802794,9.8674,-752.878995777735,-752.904355709096
three_species_lotka_volterra,lv_missing_dynamics,lotka_volterra_datapoints_80_noise_5,no_sampling,1,319,500,1000,0.1,0.01,0.01,tanh,2,4,1E-12,0.000407598975496,0.000893501359196,9.56351666666667,-789.311346857936,-789.377622406322
three_species_lotka_volterra,lv_missing_dynamics,lotka_volterra_datapoints_80_noise_5,no_sampling,1,314,500,1000,0.01,0.001,1,tanh,2,4,1E-12,0.000471153991801,0.000993964952885,9.94293333333333,-767.791830259992,-771.149546536
three_species_lotka_volterra,lv_missing_dynamics,lotka_volterra_datapoints_80_noise_5,no_sampling,1,304,500,1000,0.1,0.01,0.001,tanh,1,4,1E-12,0.000536991105272,0.001049659340503,9.74835,-764.672897158698,-764.682125966838
three_species_lotka_volterra,lv_missing_dynamics,lotka_volterra_datapoints_80_noise_5,no_sampling,1,318,500,1000,0.1,0.01,1,tanh,2,4,1E-12,0.000471234615179,0.001038514254394,10.58365,-771.81822888439,-775.361178472807
three_species_lotka_volterra,lv_missing_dynamics,lotka_volterra_datapoints_80_noise_5,no_sampling,1,340,500,1000,0.0001,1E-05,0.001,tanh,1,8,1E-12,0.0005315951636,0.001274497680476,9.05973333333333,-747.948793398395,-747.950085247972
three_species_lotka_volterra,lv_missing_dynamics,lotka_volterra_datapoints_80_noise_5,no_sampling,1,342,500,1000,0.001,0.0001,1,tanh,1,8,1E-12,0.116445747662523,0.241624544658464,9.02391666666667,-171.729897059184,-172.769454122397
three_species_lotka_volterra,lv_missing_dynamics,lotka_volterra_datapoints_80_noise_5,no_sampling,1,345,500,1000,0.01,0.001,100,tanh,1,8,1E-12,0.000560313784681,0.001048229112832,9.0083,-685.06264346222,-739.023807448896
three_species_lotka_volterra,lv_missing_dynamics,lotka_volterra_datapoints_80_noise_5,no_sampling,1,309,500,1000,0.001,0.0001,100,tanh,2,4,1E-12,0.000946143922725,0.002520935252872,10.9704166666667,-647.017611549019,-702.418995891615
three_species_lotka_volterra,lv_missing_dynamics,lotka_volterra_datapoints_80_noise_5,no_sampling,1,325,500,1000,0.001,0.0001,100,tanh,3,4,1E-12,0.007145377275754,0.016730018942757,11.4925666666667,-544.782644630981,-561.360818624578
three_species_lotka_volterra,lv_missing_dynamics,lotka_volterra_datapoints_80_noise_5,no_sampling,1,387,500,1000,0.0001,1E-05,0.01,rbf,1,4,1E-12,0.003004302363903,0.008067152818714,5.65893333333333,-639.623079028012,-639.632530778081
three_species_lotka_volterra,lv_missing_dynamics,lotka_volterra_datapoints_80_noise_5,no_sampling,1,386,500,1000,0.0001,1E-05,1,rbf,1,4,1E-12,0.003113263768157,0.008686455035216,5.78343333333333,-637.898692219861,-638.610285083133
three_species_lotka_volterra,lv_missing_dynamics,lotka_volterra_datapoints_80_noise_5,no_sampling,1,346,500,1000,0.01,0.001,1,tanh,1,8,1E-12,0.000556557012084,0.001246503618944,10.0815166666667,-767.86713102265,-769.517204956935
three_species_lotka_volterra,lv_missing_dynamics,lotka_volterra_datapoints_80_noise_5,no_sampling,1,389,500,1000,0.001,0.0001,100,rbf,1,4,1E-12,0.001026026744024,0.002699557079393,5.75755,-615.608228260969,-685.784186893688
three_species_lotka_volterra,lv_missing_dynamics,lotka_volterra_datapoints_80_noise_5,no_sampling,1,321,500,1000,0.0001,1E-05,100,tanh,3,4,1E-12,0.005679893791764,0.011272992166893,12.1928666666667,-558.86567493284,-577.300759204872
three_species_lotka_volterra,lv_missing_dynamics,lotka_volterra_datapoints_80_noise_5,no_sampling,1,348,500,1000,0.01,0.001,0.001,tanh,1,8,1E-12,0.000508294920536,0.00127760844961,10.2405166666667,-770.985986402297,-770.988152492173
three_species_lotka_volterra,lv_missing_dynamics,lotka_volterra_datapoints_80_noise_5,no_sampling,1,393,500,1000,0.01,0.001,100,rbf,1,4,1E-12,0.000430425547263,0.001294708548241,5.71171666666667,-632.996951994363,-731.720766273433
three_species_lotka_volterra,lv_missing_dynamics,lotka_volterra_datapoints_80_noise_5,no_sampling,1,388,500,1000,0.0001,1E-05,0.001,rbf,1,4,1E-12,0.00211945894208,0.006656217643647,6.19603333333333,-654.321982522345,-654.323106821934
three_species_lotka_volterra,lv_missing_dynamics,lotka_volterra_datapoints_80_noise_5,no_sampling,1,311,500,1000,0.001,0.0001,0.01,tanh,2,4,1E-12,0.085157336693456,0.197068145907242,12.1541,-198.660618323031,-198.669088511079
three_species_lotka_volterra,lv_missing_dynamics,lotka_volterra_datapoints_80_noise_5,no_sampling,1,390,500,1000,0.001,0.0001,1,rbf,1,4,1E-12,0.000507661041437,0.001187478365166,6.20293333333333,-749.103919025206,-750.524329712793
three_species_lotka_volterra,lv_missing_dynamics,lotka_volterra_datapoints_80_noise_5,no_sampling,1,397,500,1000,0.1,0.01,100,rbf,1,4,1E-12,0.00502447296517,0.012168542773494,5.69405,-573.157049785168,-630.88834601253
three_species_lotka_volterra,lv_missing_dynamics,lotka_volterra_datapoints_80_noise_5,no_sampling,1,329,500,1000,0.01,0.001,100,tanh,3,4,1E-12,0.012786144974249,0.023572407175424,12.1173833333333,-541.840959897462,-564.903761971403
three_species_lotka_volterra,lv_missing_dynamics,lotka_volterra_datapoints_80_noise_5,no_sampling,1,322,500,1000,0.0001,1E-05,1,tanh,3,4,1E-12,0.000952708082269,0.00191026308495,12.702,-687.328771133019,-688.059872756857
three_species_lotka_volterra,lv_missing_dynamics,lotka_volterra_datapoints_80_noise_5,no_sampling,1,392,500,1000,0.001,0.0001,0.001,rbf,1,4,1E-12,0.000513021565798,0.001205535062625,6.12266666666667,-763.759781394731,-763.761852550377
three_species_lotka_volterra,lv_missing_dynamics,lotka_volterra_datapoints_80_noise_5,no_sampling,1,347,500,1000,0.01,0.001,0.01,tanh,1,8,1E-12,0.000493029653639,0.001170977346372,10.73905,-770.676500384588,-770.691500209738
three_species_lotka_volterra,lv_missing_dynamics,lotka_volterra_datapoints_80_noise_5,no_sampling,1,391,500,1000,0.001,0.0001,0.01,rbf,1,4,1E-12,0.000449449814482,0.001107414173071,6.39778333333333,-765.588239564128,-765.613716007311
three_species_lotka_volterra,lv_missing_dynamics,lotka_volterra_datapoints_80_noise_5,no_sampling,1,399,500,1000,0.1,0.01,0.01,rbf,1,4,1E-12,0.004587071428833,0.009526897786109,5.98816666666667,-602.920395879986,-603.019135395297
three_species_lotka_volterra,lv_missing_dynamics,lotka_volterra_datapoints_80_noise_5,no_sampling,1,395,500,1000,0.01,0.001,0.01,rbf,1,4,1E-12,0.000533353324608,0.001114513007968,6.32408333333333,-744.111594062504,-744.139139192656
three_species_lotka_volterra,lv_missing_dynamics,lotka_volterra_datapoints_80_noise_5,no_sampling,1,333,500,1000,0.1,0.01,100,tanh,3,4,1E-12,0.000437168508016,0.000899752316158,12.21965,-707.797193270362,-764.272724366776
three_species_lotka_volterra,lv_missing_dynamics,lotka_volterra_datapoints_80_noise_5,no_sampling,1,394,500,1000,0.01,0.001,1,rbf,1,4,1E-12,0.000454209923321,0.001252344692144,6.45003333333333,-757.816700883596,-761.499109832665
three_species_lotka_volterra,lv_missing_dynamics,lotka_volterra_datapoints_80_noise_5,no_sampling,1,396,500,1000,0.01,0.001,0.001,rbf,1,4,1E-12,0.000515810390293,0.001066389198536,6.466,-749.408695026808,-749.411139439692
three_species_lotka_volterra,lv_missing_dynamics,lotka_volterra_datapoints_80_noise_5,no_sampling,1,400,500,1000,0.1,0.01,0.001,rbf,1,4,1E-12,0.001781453840498,0.004193237622288,6.17291666666667,-643.463954935137,-643.466826148158
three_species_lotka_volterra,lv_missing_dynamics,lotka_volterra_datapoints_80_noise_5,no_sampling,1,331,500,1000,0.01,0.001,0.01,tanh,3,4,1E-12,0.000548973173184,0.00124903890144,12.8841,-752.847251530778,-752.873436495181
three_species_lotka_volterra,lv_missing_dynamics,lotka_volterra_datapoints_80_noise_5,no_sampling,1,326,500,1000,0.001,0.0001,1,tanh,3,4,1E-12,0.000476244419857,0.001138651388862,13.7795166666667,-760.043686644585,-761.211980320855
three_species_lotka_volterra,lv_missing_dynamics,lotka_volterra_datapoints_80_noise_5,no_sampling,1,316,500,1000,0.01,0.001,0.001,tanh,2,4,1E-12,0.00030214873267,0.00069142007183,13.3428333333333,-770.169769294306,-770.173816359208
three_species_lotka_volterra,lv_missing_dynamics,lotka_volterra_datapoints_80_noise_5,no_sampling,1,341,500,1000,0.001,0.0001,100,tanh,1,8,1E-12,0.000645507902178,0.001086058400178,11.79995,-676.27998810253,-725.853373248096
three_species_lotka_volterra,lv_missing_dynamics,lotka_volterra_datapoints_80_noise_5,no_sampling,1,338,500,1000,0.0001,1E-05,1,tanh,1,8,1E-12,0.000540136716746,0.001355281725774,12.5181666666667,-745.427600876239,-746.650228869715
three_species_lotka_volterra,lv_missing_dynamics,lotka_volterra_datapoints_80_noise_5,no_sampling,1,349,500,1000,0.1,0.01,100,tanh,1,8,1E-12,0.00061075835029,0.001150853364416,11.6366333333333,-682.81583569492,-737.414249618087
three_species_lotka_volterra,lv_missing_dynamics,lotka_volterra_datapoints_80_noise_5,no_sampling,1,335,500,1000,0.1,0.01,0.01,tanh,3,4,1E-12,0.000604998919259,0.001384902606903,14.13665,-796.130524878226,-796.16759296014
three_species_lotka_volterra,lv_missing_dynamics,lotka_volterra_datapoints_80_noise_5,no_sampling,1,339,500,1000,0.0001,1E-05,0.01,tanh,1,8,1E-12,0.0005254794447,0.00123227943797,12.8106,-742.704963283577,-742.716654038548
three_species_lotka_volterra,lv_missing_dynamics,lotka_volterra_datapoints_80_noise_5,no_sampling,1,401,500,1000,0.0001,1E-05,100,rbf,2,4,1E-12,0.006232493793363,0.013576719556442,8.98806666666667,-554.404105468874,-571.089301197668
three_species_lotka_volterra,lv_missing_dynamics,lotka_volterra_datapoints_80_noise_5,no_sampling,1,320,500,1000,0.1,0.01,0.001,tanh,2,4,1E-12,0.000514951311702,0.001119614839481,15.2834833333333,-787.275967050403,-787.282110916177
three_species_lotka_volterra,lv_missing_dynamics,lotka_volterra_datapoints_80_noise_5,no_sampling,1,411,500,1000,0.01,0.001,0.01,rbf,2,4,1E-12,0.00031961462566,0.00070277861121,8.85541666666667,-771.885521744492,-771.908119065217
three_species_lotka_volterra,lv_missing_dynamics,lotka_volterra_datapoints_80_noise_5,no_sampling,1,412,500,1000,0.01,0.001,0.001,rbf,2,4,1E-12,0.000422913461736,0.000938150782134,8.9216,-784.719092506371,-784.723166344593
three_species_lotka_volterra,lv_missing_dynamics,lotka_volterra_datapoints_80_noise_5,no_sampling,1,402,500,1000,0.0001,1E-05,1,rbf,2,4,1E-12,0.000796264540123,0.001256424699499,9.59688333333333,-709.26473899819,-710.773964929293
three_species_lotka_volterra,lv_missing_dynamics,lotka_volterra_datapoints_80_noise_5,no_sampling,1,413,500,1000,0.1,0.01,100,rbf,2,4,1E-12,0.020006449749493,0.051732840486973,9.20448333333333,-366.217531035766,-370.332938062052
three_species_lotka_volterra,lv_missing_dynamics,lotka_volterra_datapoints_80_noise_5,no_sampling,1,405,500,1000,0.001,0.0001,100,rbf,2,4,1E-12,0.023551718269838,0.075768526273897,9.75496666666667,-367.122278980826,-374.938431682069
three_species_lotka_volterra,lv_missing_dynamics,lotka_volterra_datapoints_80_noise_5,no_sampling,1,415,500,1000,0.1,0.01,0.01,rbf,2,4,1E-12,0.000378343716879,0.000926700142642,9.44198333333333,-787.896226874212,-787.929072380282
three_species_lotka_volterra,lv_missing_dynamics,lotka_volterra_datapoints_80_noise_5,no_sampling,1,404,500,1000,0.0001,1E-05,0.001,rbf,2,4,1E-12,0.001110342377207,0.002470725007576,10.0487666666667,-703.306389516946,-703.307533547554
three_species_lotka_volterra,lv_missing_dynamics,lotka_volterra_datapoints_80_noise_5,no_sampling,1,414,500,1000,0.1,0.01,1,rbf,2,4,1E-12,0.000365181104108,0.000851548475205,9.66888333333333,-789.362253282584,-791.742687947666
three_species_lotka_volterra,lv_missing_dynamics,lotka_volterra_datapoints_80_noise_5,no_sampling,1,334,500,1000,0.1,0.01,1,tanh,3,4,1E-12,0.000345372732237,0.000679817308737,16.82735,-786.179421198461,-789.052392922712
three_species_lotka_volterra,lv_missing_dynamics,lotka_volterra_datapoints_80_noise_5,no_sampling,1,434,500,1000,0.0001,1E-05,1,rbf,1,8,1E-12,0.003604236594343,0.009277682777979,8.44005,-649.599940538073,-650.069042825276
three_species_lotka_volterra,lv_missing_dynamics,lotka_volterra_datapoints_80_noise_5,no_sampling,1,441,500,1000,0.01,0.001,100,rbf,1,8,1E-12,0.000381174767474,0.0008539857069,8.22461666666667,-701.987854985096,-759.964921483392
three_species_lotka_volterra,lv_missing_dynamics,lotka_volterra_datapoints_80_noise_5,no_sampling,1,445,500,1000,0.1,0.01,100,rbf,1,8,1E-12,0.000335251209238,0.000814340637641,8.34273333333333,-713.607052151596,-773.856424090548
three_species_lotka_volterra,lv_missing_dynamics,lotka_volterra_datapoints_80_noise_5,no_sampling,1,440,500,1000,0.001,0.0001,0.001,rbf,1,8,1E-12,0.133504246694643,0.233586373411031,8.82151666666667,-189.037506712495,-189.038717907038
three_species_lotka_volterra,lv_missing_dynamics,lotka_volterra_datapoints_80_noise_5,no_sampling,1,442,500,1000,0.01,0.001,1,rbf,1,8,1E-12,0.000390885469192,0.001038262762707,8.84971666666667,-771.809191666025,-772.959601730398
three_species_lotka_volterra,lv_missing_dynamics,lotka_volterra_datapoints_80_noise_5,no_sampling,1,444,500,1000,0.01,0.001,0.001,rbf,1,8,1E-12,0.000380471623194,0.000955482553994,9.09761666666667,-786.343417528949,-786.344688600751
three_species_lotka_volterra,lv_missing_dynamics,lotka_volterra_datapoints_80_noise_5,no_sampling,1,443,500,1000,0.01,0.001,0.01,rbf,1,8,1E-12,0.00040405885992,0.001081317491132,9.1395,-781.167051637035,-781.18661319843
three_species_lotka_volterra,lv_missing_dynamics,lotka_volterra_datapoints_80_noise_5,no_sampling,1,429,500,1000,0.1,0.01,100,rbf,3,4,1E-12,0.020439552137357,0.053873495793447,10.8354333333333,-356.6665968078,-363.368299860109
three_species_lotka_volterra,lv_missing_dynamics,lotka_volterra_datapoints_80_noise_5,no_sampling,1,332,500,1000,0.01,0.001,0.001,tanh,3,4,1E-12,0.000435081679915,0.000990968214831,19.31155,-771.960108865263,-771.964220626141
three_species_lotka_volterra,lv_missing_dynamics,lotka_volterra_datapoints_80_noise_5,no_sampling,1,410,500,1000,0.01,0.001,1,rbf,2,4,1E-12,0.000304633011227,0.000689453759688,12.1486166666667,-784.581215104444,-786.194778007044
three_species_lotka_volterra,lv_missing_dynamics,lotka_volterra_datapoints_80_noise_5,no_sampling,1,420,500,1000,0.0001,1E-05,0.001,rbf,3,4,1E-12,0.00275364221621,0.008203539460469,12.5432,-632.587507999596,-632.588157446889
three_species_lotka_volterra,lv_missing_dynamics,lotka_volterra_datapoints_80_noise_5,no_sampling,1,485,500,1000,0.001,0.0001,100,gelu,1,4,1E-12,0.004961617055169,0.011748934890883,6.00798333333333,-561.467406264246,-602.352535514988
three_species_lotka_volterra,lv_missing_dynamics,lotka_volterra_datapoints_80_noise_5,no_sampling,1,482,500,1000,0.0001,1E-05,1,gelu,1,4,1E-12,0.000824018949424,0.001775145549638,6.03318333333333,-708.079890057475,-710.333838764135
three_species_lotka_volterra,lv_missing_dynamics,lotka_volterra_datapoints_80_noise_5,no_sampling,1,481,500,1000,0.0001,1E-05,100,gelu,1,4,1E-12,0.00275801071466,0.006730244142634,6.30158333333333,-605.606928316536,-650.875485411919
three_species_lotka_volterra,lv_missing_dynamics,lotka_volterra_datapoints_80_noise_5,no_sampling,1,493,500,1000,0.1,0.01,100,gelu,1,4,1E-12,0.001945821799981,0.004479425884365,5.80401666666667,-617.307128862433,-664.530763365874
three_species_lotka_volterra,lv_missing_dynamics,lotka_volterra_datapoints_80_noise_5,no_sampling,1,484,500,1000,0.0001,1E-05,0.001,gelu,1,4,1E-12,0.000887140702674,0.001735445093546,6.36771666666667,-699.996301850617,-699.99804914059
three_species_lotka_volterra,lv_missing_dynamics,lotka_volterra_datapoints_80_noise_5,no_sampling,1,427,500,1000,0.01,0.001,0.01,rbf,3,4,1E-12,0.000410883310736,0.00099821545259,13.1974166666667,-776.505749419341,-776.526678814809
three_species_lotka_volterra,lv_missing_dynamics,lotka_volterra_datapoints_80_noise_5,no_sampling,1,486,500,1000,0.001,0.0001,1,gelu,1,4,1E-12,0.000611889132944,0.001804672117087,6.28531666666667,-736.338886485683,-739.272432306146
three_species_lotka_volterra,lv_missing_dynamics,lotka_volterra_datapoints_80_noise_5,no_sampling,1,425,500,1000,0.01,0.001,100,rbf,3,4,1E-12,0.024161792244508,0.077885063815646,13.5851833333333,-365.990728364543,-373.680540181269
three_species_lotka_volterra,lv_missing_dynamics,lotka_volterra_datapoints_80_noise_5,no_sampling,1,488,500,1000,0.001,0.0001,0.001,gelu,1,4,1E-12,0.000907748369941,0.001727635828613,6.47115,-715.285432215483,-715.290531960943
three_species_lotka_volterra,lv_missing_dynamics,lotka_volterra_datapoints_80_noise_5,no_sampling,1,422,500,1000,0.001,0.0001,1,rbf,3,4,1E-12,0.001935425197153,0.006028898741425,13.68925,-677.320165706246,-678.388080315381
three_species_lotka_volterra,lv_missing_dynamics,lotka_volterra_datapoints_80_noise_5,no_sampling,1,409,500,1000,0.01,0.001,100,rbf,2,4,1E-12,0.023653840420497,0.076135420147826,13.4399666666667,-364.487262229324,-373.180132354093
three_species_lotka_volterra,lv_missing_dynamics,lotka_volterra_datapoints_80_noise_5,no_sampling,1,426,500,1000,0.01,0.001,1,rbf,3,4,1E-12,0.003155373845606,0.009620164274534,13.7283666666667,-648.616720967093,-649.398682219607
three_species_lotka_volterra,lv_missing_dynamics,lotka_volterra_datapoints_80_noise_5,no_sampling,1,489,500,1000,0.01,0.001,100,gelu,1,4,1E-12,0.00546800496593,0.013290919299401,6.70308333333333,-555.79524314063,-602.803950801905
three_species_lotka_volterra,lv_missing_dynamics,lotka_volterra_datapoints_80_noise_5,no_sampling,1,487,500,1000,0.001,0.0001,0.01,gelu,1,4,1E-12,0.000821210370181,0.001549713340402,6.8195,-717.172357740368,-717.231078962674
three_species_lotka_volterra,lv_missing_dynamics,lotka_volterra_datapoints_80_noise_5,no_sampling,1,430,500,1000,0.1,0.01,1,rbf,3,4,1E-12,0.003497717926653,0.008926045672078,12.69955,-613.401237294221,-616.932766492581
three_species_lotka_volterra,lv_missing_dynamics,lotka_volterra_datapoints_80_noise_5,no_sampling,1,406,500,1000,0.001,0.0001,1,rbf,2,4,1E-12,0.042587522213284,0.093823543188037,13.9832666666667,-275.129739858235,-276.006527799082
three_species_lotka_volterra,lv_missing_dynamics,lotka_volterra_datapoints_80_noise_5,no_sampling,1,491,500,1000,0.01,0.001,0.01,gelu,1,4,1E-12,0.000599383694414,0.001710541514016,6.77146666666667,-737.377681815221,-737.416380726061
three_species_lotka_volterra,lv_missing_dynamics,lotka_volterra_datapoints_80_noise_5,no_sampling,1,416,500,1000,0.1,0.01,0.001,rbf,2,4,1E-12,0.000328994252605,0.000774348661277,13.6243166666667,-787.866561799975,-787.869862200852
three_species_lotka_volterra,lv_missing_dynamics,lotka_volterra_datapoints_80_noise_5,no_sampling,1,490,500,1000,0.01,0.001,1,gelu,1,4,1E-12,0.000486485551713,0.001356810086996,6.96333333333333,-743.50268664369,-746.1698958278
three_species_lotka_volterra,lv_missing_dynamics,lotka_volterra_datapoints_80_noise_5,no_sampling,1,435,500,1000,0.0001,1E-05,0.01,rbf,1,8,1E-12,0.00064948657854,0.001492233241594,11.6337166666667,-711.129243246078,-711.135260361317
three_species_lotka_volterra,lv_missing_dynamics,lotka_volterra_datapoints_80_noise_5,no_sampling,1,424,500,1000,0.001,0.0001,0.001,rbf,3,4,1E-12,0.001180546332728,0.004699856819561,15.1900833333333,-702.179557739286,-702.180494507397
three_species_lotka_volterra,lv_missing_dynamics,lotka_volterra_datapoints_80_noise_5,no_sampling,1,446,500,1000,0.1,0.01,1,rbf,1,8,1E-12,0.000432157057766,0.001083406023315,11.70155,-769.061170120915,-775.29323562736
three_species_lotka_volterra,lv_missing_dynamics,lotka_volterra_datapoints_80_noise_5,no_sampling,1,437,500,1000,0.001,0.0001,100,rbf,1,8,1E-12,0.001385981829537,0.002221706703813,12.3383,-616.688555966061,-660.748473548243
three_species_lotka_volterra,lv_missing_dynamics,lotka_volterra_datapoints_80_noise_5,no_sampling,1,433,500,1000,0.0001,1E-05,100,rbf,1,8,1E-12,0.003522775154916,0.007830380891926,12.70405,-584.343331523072,-613.131388875682
three_species_lotka_volterra,lv_missing_dynamics,lotka_volterra_datapoints_80_noise_5,no_sampling,1,439,500,1000,0.001,0.0001,0.01,rbf,1,8,1E-12,0.106790026208589,0.266756522965396,12.4145333333333,-179.312153209539,-179.321341932552
three_species_lotka_volterra,lv_missing_dynamics,lotka_volterra_datapoints_80_noise_5,no_sampling,1,438,500,1000,0.001,0.0001,1,rbf,1,8,1E-12,0.000391316814093,0.000948465506407,12.49235,-772.465841610828,-773.474259851631
three_species_lotka_volterra,lv_missing_dynamics,lotka_volterra_datapoints_80_noise_5,no_sampling,1,498,500,1000,0.0001,1E-05,1,gelu,2,4,1E-12,0.00220073577474,0.004655433501801,8.95228333333333,-659.838396481763,-660.508357903864
three_species_lotka_volterra,lv_missing_dynamics,lotka_volterra_datapoints_80_noise_5,no_sampling,1,505,500,1000,0.01,0.001,100,gelu,2,4,1E-12,0.003403891087506,0.007702332491521,8.43135,-593.247920868283,-650.10630543102
three_species_lotka_volterra,lv_missing_dynamics,lotka_volterra_datapoints_80_noise_5,no_sampling,1,447,500,1000,0.1,0.01,0.01,rbf,1,8,1E-12,0.000380227809847,0.000873799361939,13.1069666666667,-777.625490574085,-777.658708694593
three_species_lotka_volterra,lv_missing_dynamics,lotka_volterra_datapoints_80_noise_5,no_sampling,1,499,500,1000,0.0001,1E-05,0.01,gelu,2,4,1E-12,0.001453139699374,0.002513221267334,9.0128,-662.30562742596,-662.314756358194
three_species_lotka_volterra,lv_missing_dynamics,lotka_volterra_datapoints_80_noise_5,no_sampling,1,501,500,1000,0.001,0.0001,100,gelu,2,4,1E-12,0.006679260288017,0.016885890171415,8.82601666666667,-535.884667497889,-563.756066282181
three_species_lotka_volterra,lv_missing_dynamics,lotka_volterra_datapoints_80_noise_5,no_sampling,1,494,500,1000,0.1,0.01,1,gelu,1,4,1E-12,0.000680266940653,0.001422415204154,9.6905,-711.843073363301,-726.155497098671
three_species_lotka_volterra,lv_missing_dynamics,lotka_volterra_datapoints_80_noise_5,no_sampling,1,500,500,1000,0.0001,1E-05,0.001,gelu,2,4,1E-12,0.003832723608019,0.018637999342226,9.1958,-613.829457826968,-613.830172730645
three_species_lotka_volterra,lv_missing_dynamics,lotka_volterra_datapoints_80_noise_5,no_sampling,1,503,500,1000,0.001,0.0001,0.01,gelu,2,4,1E-12,0.001198567196502,0.003002244809178,9.35775,-690.161235805417,-690.171999655904
three_species_lotka_volterra,lv_missing_dynamics,lotka_volterra_datapoints_80_noise_5,no_sampling,1,492,500,1000,0.01,0.001,0.001,gelu,1,4,1E-12,0.000634056346655,0.001830170320206,9.3285,-737.43038580372,-737.433856066841
three_species_lotka_volterra,lv_missing_dynamics,lotka_volterra_datapoints_80_noise_5,no_sampling,1,504,500,1000,0.001,0.0001,0.001,gelu,2,4,1E-12,0.000935845056977,0.002118780416375,10.0627333333333,-710.101239471836,-710.103387700402
three_species_lotka_volterra,lv_missing_dynamics,lotka_volterra_datapoints_80_noise_5,no_sampling,1,506,500,1000,0.01,0.001,1,gelu,2,4,1E-12,0.000553847985439,0.001532070574351,10.29785,-757.038225430275,-758.642486998651
three_species_lotka_volterra,lv_missing_dynamics,lotka_volterra_datapoints_80_noise_5,no_sampling,1,510,500,1000,0.1,0.01,1,gelu,2,4,1E-12,0.000456005479534,0.001263961190828,10.1211833333333,-764.424810341612,-768.550514833175
three_species_lotka_volterra,lv_missing_dynamics,lotka_volterra_datapoints_80_noise_5,no_sampling,1,495,500,1000,0.1,0.01,0.01,gelu,1,4,1E-12,0.00067484948389,0.001501633456376,11.4076333333333,-726.845585670047,-727.132053154846
three_species_lotka_volterra,lv_missing_dynamics,lotka_volterra_datapoints_80_noise_5,no_sampling,1,421,500,1000,0.001,0.0001,100,rbf,3,4,1E-12,0.023786089719649,0.076870360712459,18.6218333333333,-368.516025148296,-374.932572709814
three_species_lotka_volterra,lv_missing_dynamics,lotka_volterra_datapoints_80_noise_5,no_sampling,1,531,500,1000,0.0001,1E-05,0.01,gelu,1,8,1E-12,0.001378467642341,0.00252870090815,9.05853333333333,-683.588832605123,-683.601810584021
three_species_lotka_volterra,lv_missing_dynamics,lotka_volterra_datapoints_80_noise_5,no_sampling,1,417,500,1000,0.0001,1E-05,100,rbf,3,4,1E-12,0.021592408135023,0.069769296338404,18.69195,-361.325518393005,-367.583225622019
three_species_lotka_volterra,lv_missing_dynamics,lotka_volterra_datapoints_80_noise_5,no_sampling,1,537,500,1000,0.01,0.001,100,gelu,1,8,1E-12,0.001601160475383,0.003457080136513,8.62738333333333,-632.626050672408,-674.921743573365
three_species_lotka_volterra,lv_missing_dynamics,lotka_volterra_datapoints_80_noise_5,no_sampling,1,530,500,1000,0.0001,1E-05,1,gelu,1,8,1E-12,0.001090677198607,0.001764911944709,9.59005,-695.799817048133,-697.129717398157
three_species_lotka_volterra,lv_missing_dynamics,lotka_volterra_datapoints_80_noise_5,no_sampling,1,496,500,1000,0.1,0.01,0.001,gelu,1,4,1E-12,0.000535919486899,0.001010447654945,12.4852166666667,-736.304216176109,-736.340184518526
three_species_lotka_volterra,lv_missing_dynamics,lotka_volterra_datapoints_80_noise_5,no_sampling,1,542,500,1000,0.1,0.01,1,gelu,1,8,1E-12,0.000289356797469,0.000774144744265,8.43813333333333,-779.152419655658,-780.741485662611
three_species_lotka_volterra,lv_missing_dynamics,lotka_volterra_datapoints_80_noise_5,no_sampling,1,497,500,1000,0.0001,1E-05,100,gelu,2,4,1E-12,0.002011220832651,0.004894081986939,12.3772833333333,-607.712588811818,-655.429563437124
three_species_lotka_volterra,lv_missing_dynamics,lotka_volterra_datapoints_80_noise_5,no_sampling,1,502,500,1000,0.001,0.0001,1,gelu,2,4,1E-12,0.002954605699247,0.010213796344614,12.5304166666667,-627.393663761607,-629.153315372358
three_species_lotka_volterra,lv_missing_dynamics,lotka_volterra_datapoints_80_noise_5,no_sampling,1,508,500,1000,0.01,0.001,0.001,gelu,2,4,1E-12,0.000454543970485,0.001280323979468,12.67555,-768.965264172559,-768.966815192379
three_species_lotka_volterra,lv_missing_dynamics,lotka_volterra_datapoints_80_noise_5,no_sampling,1,423,500,1000,0.001,0.0001,0.01,rbf,3,4,1E-12,0.000518146828713,0.001288460332273,20.6853,-749.029077724266,-749.03866628094
three_species_lotka_volterra,lv_missing_dynamics,lotka_volterra_datapoints_80_noise_5,no_sampling,1,533,500,1000,0.001,0.0001,100,gelu,1,8,1E-12,0.001450477722086,0.003099684254405,11.19585,-645.850560047767,-683.337850749563
three_species_lotka_volterra,lv_missing_dynamics,lotka_volterra_datapoints_80_noise_5,no_sampling,1,521,500,1000,0.01,0.001,100,gelu,3,4,1E-12,0.019663085051177,0.052012595055601,13.00185,-362.580170687364,-370.658770380177
three_species_lotka_volterra,lv_missing_dynamics,lotka_volterra_datapoints_80_noise_5,no_sampling,1,525,500,1000,0.1,0.01,100,gelu,3,4,1E-12,0.020223616059464,0.051606199048382,12.699,-362.884778888522,-370.344005959421
three_species_lotka_volterra,lv_missing_dynamics,lotka_volterra_datapoints_80_noise_5,no_sampling,1,538,500,1000,0.01,0.001,1,gelu,1,8,1E-12,0.000509837941693,0.001374665777723,11.3098833333333,-768.233718041475,-770.574857046769
three_species_lotka_volterra,lv_missing_dynamics,lotka_volterra_datapoints_80_noise_5,no_sampling,1,540,500,1000,0.01,0.001,0.001,gelu,1,8,1E-12,0.000506099314636,0.001277025710582,11.0589833333333,-752.322896959583,-752.325001373581
three_species_lotka_volterra,lv_missing_dynamics,lotka_volterra_datapoints_80_noise_5,no_sampling,1,539,500,1000,0.01,0.001,0.01,gelu,1,8,1E-12,0.000589641665848,0.00136177806525,11.2815166666667,-754.697565120844,-754.716710252221
three_species_lotka_volterra,lv_missing_dynamics,lotka_volterra_datapoints_80_noise_5,no_sampling,1,507,500,1000,0.01,0.001,0.01,gelu,2,4,1E-12,0.000368264827503,0.001108568059459,13.3314166666667,-771.038122385751,-771.055854307251
three_species_lotka_volterra,lv_missing_dynamics,lotka_volterra_datapoints_80_noise_5,no_sampling,1,518,500,1000,0.001,0.0001,1,gelu,3,4,1E-12,0.087756992704548,0.175545406136428,13.8589166666667,-196.160466002906,-196.8485376702
three_species_lotka_volterra,lv_missing_dynamics,lotka_volterra_datapoints_80_noise_5,no_sampling,1,520,500,1000,0.001,0.0001,0.001,gelu,3,4,1E-12,0.004255949634747,0.012417911208022,13.7968166666667,-590.509371576316,-590.510551821652
three_species_lotka_volterra,lv_missing_dynamics,lotka_volterra_datapoints_80_noise_5,no_sampling,1,524,500,1000,0.01,0.001,0.001,gelu,3,4,1E-12,0.000335223177122,0.000740704673903,13.4016,-783.757959492561,-783.762053056046
three_species_lotka_volterra,lv_missing_dynamics,lotka_volterra_datapoints_80_noise_5,no_sampling,1,529,500,1000,0.0001,1E-05,100,gelu,1,8,1E-12,0.001694717576229,0.004126325871041,12.2204833333333,-633.57779891562,-664.909181616305
three_species_lotka_volterra,lv_missing_dynamics,lotka_volterra_datapoints_80_noise_5,no_sampling,1,431,500,1000,0.1,0.01,0.01,rbf,3,4,1E-12,0.021919926712155,0.071909437334712,21.8332,-375.1488908547,-375.165767294977
three_species_lotka_volterra,lv_missing_dynamics,lotka_volterra_datapoints_80_noise_5,no_sampling,1,527,500,1000,0.1,0.01,0.01,gelu,3,4,1E-12,0.000336838322053,0.000796721229692,13.9784166666667,-789.242136382441,-789.290415360151
three_species_lotka_volterra,lv_missing_dynamics,lotka_volterra_datapoints_80_noise_5,no_sampling,1,532,500,1000,0.0001,1E-05,0.001,gelu,1,8,1E-12,0.001080745182532,0.001864337452664,13.00475,-696.962302001209,-696.963590716033
three_species_lotka_volterra,lv_missing_dynamics,lotka_volterra_datapoints_80_noise_5,no_sampling,1,516,500,1000,0.0001,1E-05,0.001,gelu,3,4,1E-12,0.005251372348782,0.009704979751585,15.8178,-583.662491298451,-583.663137491494
three_species_lotka_volterra,lv_missing_dynamics,lotka_volterra_datapoints_80_noise_5,no_sampling,1,432,500,1000,0.1,0.01,0.001,rbf,3,4,1E-12,0.0233940839964,0.077916361545662,23.3012833333333,-371.229464261025,-371.230978430577
three_species_lotka_volterra,lv_missing_dynamics,lotka_volterra_datapoints_80_noise_5,no_sampling,1,513,500,1000,0.0001,1E-05,100,gelu,3,4,1E-12,0.006557425714717,0.014132228165012,16.3282833333333,-554.24048065587,-569.936646947889
three_species_lotka_volterra,lv_missing_dynamics,lotka_volterra_datapoints_80_noise_5,no_sampling,1,517,500,1000,0.001,0.0001,100,gelu,3,4,1E-12,0.020880932533729,0.050966017404013,16.4463833333333,-361.626996508141,-368.034408106504
three_species_lotka_volterra,lv_missing_dynamics,lotka_volterra_datapoints_80_noise_5,no_sampling,1,543,500,1000,0.1,0.01,0.01,gelu,1,8,1E-12,0.000524339712289,0.001072951820109,14.23165,-765.8728669727,-765.948679652312
three_species_lotka_volterra,lv_missing_dynamics,lotka_volterra_datapoints_80_noise_5,no_sampling,1,514,500,1000,0.0001,1E-05,1,gelu,3,4,1E-12,0.003998685819348,0.012944419205905,18.3571,-593.373284913831,-594.168971061116
three_species_lotka_volterra,lv_missing_dynamics,lotka_volterra_datapoints_80_noise_5,no_sampling,1,515,500,1000,0.0001,1E-05,0.01,gelu,3,4,1E-12,0.003141404523743,0.009402619284468,18.6029333333333,-602.409140148098,-602.417531448842
three_species_lotka_volterra,lv_missing_dynamics,lotka_volterra_datapoints_80_noise_5,no_sampling,1,544,500,1000,0.1,0.01,0.001,gelu,1,8,1E-12,0.00043189787349,0.001235909014472,15.9578,-778.564992968782,-778.568796210783
three_species_lotka_volterra,lv_missing_dynamics,lotka_volterra_datapoints_80_noise_5,no_sampling,1,522,500,1000,0.01,0.001,1,gelu,3,4,1E-12,0.000372504677934,0.000970369161042,19.7259666666667,-778.125916393798,-781.647457804706
three_species_lotka_volterra,lv_missing_dynamics,lotka_volterra_datapoints_80_noise_5,no_sampling,1,526,500,1000,0.1,0.01,1,gelu,3,4,1E-12,0.000310249573632,0.000755535053507,19.1934333333333,-781.911977229261,-787.622137096826
three_species_lotka_volterra,lv_missing_dynamics,lotka_volterra_datapoints_80_noise_5,no_sampling,1,22,500,1000,0.001,0.0001,1,tanh,2,4,1E-08,0.127415028008942,0.280150793527393,59.5446,-154.54265303035,-154.998452558354
three_species_lotka_volterra,lv_missing_dynamics,lotka_volterra_datapoints_80_noise_5,no_sampling,1,512,500,1000,0.1,0.01,0.001,gelu,2,4,1E-12,0.000648113216799,0.001532736608109,29.2910333333333,-754.760287516131,-754.79086936955
three_species_lotka_volterra,lv_missing_dynamics,lotka_volterra_datapoints_80_noise_5,no_sampling,1,511,500,1000,0.1,0.01,0.01,gelu,2,4,1E-12,0.000562962910063,0.001076366695213,36.2487833333333,-730.449257713466,-730.599511819025
three_species_lotka_volterra,lv_missing_dynamics,lotka_volterra_datapoints_80_noise_5,no_sampling,1,528,500,1000,0.1,0.01,0.001,gelu,3,4,1E-12,0.000277387081664,0.000614067857668,37.5895166666667,-790.800188176303,-790.806919899036
